Order-Id,Item-id,Product-Id,Quantity,Sales-Id,Customer-Id,Sales-Price-Per-Prod,Market-Segment
0,0,13,7,3,15,101,retail
1,1,2,2,0,14,218,education
2,2,9,18,5,19,55,pharmaceutical
3,3,12,22,8,23,92,pharmaceutical
4,4,5,8,1,4,118,financial
5,5,6,15,3,29,86,education
6,6,11,24,9,4,125,software
7,7,0,11,3,26,122,software
8,8,5,15,1,1,105,software
9,9,16,9,1,9,151,education
10,10,10,27,6,11,125,software
11,11,4,18,2,25,192,realestate
12,12,8,13,3,26,129,education
13,13,2,13,6,1,219,education
14,14,3,4,1,6,208,realestate
15,15,18,26,7,28,96,pharmaceutical
16,16,19,23,5,13,115,retail
17,17,6,9,4,14,59,realestate
18,18,2,28,3,15,205,software
19,19,18,19,4,16,80,pharmaceutical
20,20,9,2,3,17,74,education
21,21,15,25,0,4,207,financial
22,22,2,29,8,8,199,pharmaceutical
23,23,2,10,9,24,217,pharmaceutical
24,24,5,5,0,16,95,financial
25,25,16,24,9,7,146,pharmaceutical
26,26,12,24,0,29,79,software
27,27,8,26,2,12,175,education
28,28,6,20,3,7,66,financial
29,29,9,22,0,5,66,retail
30,30,10,17,9,14,134,software
31,31,18,9,8,7,78,pharmaceutical
32,32,6,4,5,11,50,software
33,33,17,1,5,26,202,education
34,34,11,16,3,6,93,pharmaceutical
35,35,18,10,0,20,74,education
36,36,12,27,1,10,80,retail
37,37,15,29,5,24,196,pharmaceutical
38,38,4,22,5,27,168,retail
39,39,7,12,3,10,160,software
40,40,11,15,8,5,126,software
41,41,11,3,3,1,93,realestate
42,42,4,25,9,16,133,realestate
43,43,0,10,3,22,119,realestate
44,44,7,21,3,22,130,pharmaceutical
45,45,17,16,5,26,196,realestate
46,46,11,5,6,20,106,realestate
47,47,16,20,1,7,146,software
48,48,4,18,3,25,168,education
49,49,2,13,1,1,202,education
50,50,17,15,8,21,192,education
51,51,14,2,7,23,188,education
52,52,7,5,1,24,139,software
53,53,16,19,6,8,149,realestate
54,54,14,29,5,16,189,education
55,55,15,4,9,1,191,education
56,56,1,4,6,0,179,retail
57,57,9,5,3,0,89,education
58,58,18,24,2,29,94,financial
59,59,6,5,2,23,54,pharmaceutical
60,60,11,1,5,0,120,education
61,61,19,19,7,12,111,pharmaceutical
62,62,2,1,6,1,210,realestate
63,63,12,15,0,14,94,software
64,64,11,9,3,25,96,pharmaceutical
65,65,15,13,6,21,219,financial
66,66,7,6,4,13,124,pharmaceutical
67,67,1,25,4,0,155,retail
68,68,1,2,6,22,170,software
69,69,12,23,8,2,92,financial
70,70,16,19,9,0,157,software
71,71,15,17,9,17,211,software
72,72,6,7,7,10,63,software
73,73,19,11,3,0,84,education
74,74,6,13,6,18,40,pharmaceutical
75,75,2,11,0,25,201,pharmaceutical
76,76,19,15,6,23,75,software
77,77,12,7,3,0,100,financial
78,78,12,28,6,23,88,software
79,79,9,8,7,24,67,retail
80,80,15,18,8,5,185,financial
81,81,8,24,3,23,186,pharmaceutical
82,82,12,12,9,19,108,financial
83,83,13,10,4,18,109,realestate
84,84,2,28,0,18,208,pharmaceutical
85,85,19,9,2,29,75,education
86,86,6,5,8,15,77,pharmaceutical
87,87,11,28,6,13,118,realestate
88,88,9,29,1,16,68,financial
89,89,5,12,1,13,138,pharmaceutical
90,90,9,17,4,28,99,financial
91,91,8,6,5,21,203,retail
92,92,18,14,3,24,85,realestate
93,93,13,19,3,28,93,software
94,94,3,7,7,27,203,education
95,95,13,24,6,5,121,financial
96,96,13,8,5,18,89,pharmaceutical
97,97,1,16,1,25,168,realestate
98,98,6,1,1,9,61,education
99,99,1,6,5,16,216,realestate
100,100,14,20,5,23,196,education
101,101,9,21,1,19,44,software
102,102,16,9,9,22,154,realestate
103,103,0,0,0,16,123,pharmaceutical
104,104,3,22,4,20,191,realestate
105,105,7,16,7,5,138,retail
106,106,5,6,5,22,134,realestate
107,107,17,11,0,0,186,realestate
108,108,3,11,4,23,210,pharmaceutical
109,109,5,4,1,14,104,retail
110,110,17,24,5,4,193,retail
111,111,16,8,8,5,156,software
112,112,1,29,4,20,227,financial
113,113,11,15,0,4,111,financial
114,114,4,24,9,12,189,realestate
115,115,6,18,8,16,72,realestate
116,116,2,19,9,27,205,realestate
117,117,7,25,1,17,128,software
118,118,5,24,0,13,118,retail
119,119,7,7,5,1,167,education
120,120,8,4,2,9,143,education
121,121,3,7,9,0,196,retail
122,122,7,29,9,20,146,pharmaceutical
123,123,10,15,9,11,124,education
124,124,8,28,2,21,127,pharmaceutical
125,125,6,18,7,14,85,retail
126,126,16,15,4,22,148,pharmaceutical
127,127,11,7,7,17,101,education
128,128,16,26,3,6,155,software
129,129,15,25,8,11,195,education
130,130,12,8,8,6,100,financial
131,131,6,9,5,26,78,pharmaceutical
132,132,15,18,5,28,189,education
133,133,14,25,4,7,195,realestate
134,134,19,13,8,27,110,financial
135,135,19,14,2,14,77,financial
136,136,14,9,0,17,185,retail
137,137,16,21,3,28,157,realestate
138,138,3,24,4,5,166,education
139,139,11,4,3,2,108,education
140,140,7,13,5,22,124,retail
141,141,3,4,6,10,184,software
142,142,12,25,1,28,82,realestate
143,143,2,5,4,6,216,software
144,144,1,13,5,21,191,realestate
145,145,4,7,6,12,155,retail
146,146,2,14,7,29,202,retail
147,147,7,12,5,27,134,retail
148,148,19,23,1,22,87,pharmaceutical
149,149,10,13,0,13,122,software
150,150,0,10,7,12,120,pharmaceutical
151,151,18,13,1,1,98,pharmaceutical
152,152,8,26,1,16,180,software
153,153,0,13,5,20,122,education
154,154,19,6,1,10,72,education
155,155,8,9,0,3,181,pharmaceutical
156,156,4,5,6,11,177,software
157,157,10,11,0,13,119,retail
158,158,10,25,5,15,111,realestate
159,159,10,2,4,27,127,software
160,160,15,27,0,26,206,financial
161,161,8,28,8,17,152,financial
162,162,2,14,9,9,215,realestate
163,163,7,12,2,4,160,retail
164,164,18,17,4,25,102,education
165,165,16,1,0,0,147,realestate
166,166,3,16,1,29,176,retail
167,167,19,13,6,5,118,software
168,168,19,12,3,10,107,pharmaceutical
169,169,14,3,3,1,193,pharmaceutical
170,170,9,14,1,8,65,software
171,171,6,9,4,19,40,realestate
172,172,12,21,8,0,83,software
173,173,2,3,6,11,208,realestate
174,174,17,15,9,27,200,education
175,175,18,14,6,20,87,realestate
176,176,17,2,2,27,186,pharmaceutical
177,177,19,29,4,26,109,retail
178,178,12,18,7,4,90,pharmaceutical
179,179,7,10,9,14,125,financial
180,180,14,23,1,13,188,education
181,181,15,29,2,20,180,financial
182,182,14,3,6,0,199,education
183,183,8,27,7,19,115,software
184,184,7,25,3,6,138,realestate
185,185,16,21,8,14,160,software
186,186,0,23,0,11,119,financial
187,187,6,19,2,2,83,education
188,188,14,3,4,14,187,software
189,189,5,13,5,13,102,retail
190,190,8,11,9,13,203,retail
191,191,9,12,0,11,51,pharmaceutical
192,192,16,15,4,11,155,realestate
193,193,13,24,5,0,104,software
194,194,6,20,3,13,66,realestate
195,195,14,24,4,7,183,financial
196,196,5,14,3,3,112,retail
197,197,13,15,6,7,121,software
198,198,12,5,2,16,93,education
199,199,17,12,7,10,183,education
200,200,14,11,0,21,180,retail
201,201,13,27,7,11,134,education
202,202,3,5,8,23,172,education
203,203,8,26,2,23,201,software
204,204,13,20,6,5,144,retail
205,205,11,0,6,4,132,financial
206,206,17,9,5,5,197,realestate
207,207,13,11,1,6,110,financial
208,208,11,0,4,17,117,retail
209,209,15,4,0,4,190,financial
210,210,19,23,7,6,96,education
211,211,13,28,3,0,117,pharmaceutical
212,212,14,20,0,16,195,financial
213,213,3,19,6,11,176,software
214,214,11,13,3,3,133,financial
215,215,2,2,9,2,213,pharmaceutical
216,216,2,9,4,18,203,software
217,217,14,6,3,19,192,software
218,218,8,12,1,20,144,pharmaceutical
219,219,16,8,5,26,160,pharmaceutical
220,220,14,13,2,3,183,pharmaceutical
221,221,16,6,5,20,150,financial
222,222,7,6,1,9,145,software
223,223,12,27,3,24,89,realestate
224,224,1,7,4,0,230,retail
225,225,2,9,7,9,217,financial
226,226,14,18,3,16,186,financial
227,227,1,0,4,11,223,education
228,228,19,5,6,24,94,pharmaceutical
229,229,19,21,5,3,87,pharmaceutical
230,230,11,9,3,19,141,pharmaceutical
231,231,12,4,7,3,89,pharmaceutical
232,232,18,21,3,21,55,software
233,233,12,23,4,22,100,pharmaceutical
234,234,5,18,1,23,118,education
235,235,3,8,2,28,174,retail
236,236,10,12,5,6,111,education
237,237,8,17,2,12,166,education
238,238,3,21,0,14,210,pharmaceutical
239,239,14,14,5,19,194,retail
240,240,12,4,1,22,91,realestate
241,241,17,8,6,28,203,financial
242,242,4,28,2,28,175,financial
243,243,18,18,7,19,96,financial
244,244,11,14,3,29,140,realestate
245,245,4,29,2,18,163,financial
246,246,1,15,8,12,218,software
247,247,19,2,7,7,89,retail
248,248,17,5,1,8,193,retail
249,249,11,6,4,14,124,education
250,250,18,10,1,27,98,financial
251,251,18,17,0,17,52,software
252,252,5,19,1,20,121,education
253,253,13,16,1,29,116,software
254,254,10,10,3,1,111,realestate
255,255,0,9,5,1,123,retail
256,256,11,3,0,8,111,realestate
257,257,10,20,6,27,90,financial
258,258,12,11,8,11,95,software
259,259,13,10,8,15,136,pharmaceutical
260,260,1,24,7,6,193,education
261,261,5,0,4,16,120,pharmaceutical
262,262,7,16,3,16,148,software
263,263,5,17,5,13,106,realestate
264,264,1,4,1,7,167,software
265,265,8,8,8,26,186,education
266,266,12,12,9,27,106,realestate
267,267,16,8,0,14,155,software
268,268,3,11,9,11,168,software
269,269,3,20,8,6,171,software
270,270,12,7,8,6,85,software
271,271,1,10,7,4,178,retail
272,272,0,12,4,2,120,education
273,273,5,9,0,18,120,pharmaceutical
274,274,5,23,5,29,123,pharmaceutical
275,275,11,10,1,0,101,software
276,276,18,18,9,0,70,education
277,277,11,16,4,5,129,realestate
278,278,5,11,6,29,124,realestate
279,279,12,3,2,6,100,realestate
280,280,16,7,2,17,156,pharmaceutical
281,281,19,7,4,17,77,software
282,282,6,27,4,27,81,education
283,283,15,29,8,23,178,software
284,284,10,5,6,15,127,retail
285,285,10,29,4,23,131,pharmaceutical
286,286,2,11,1,23,200,retail
287,287,12,22,7,19,100,retail
288,288,18,19,6,28,84,realestate
289,289,2,16,8,23,207,financial
290,290,1,5,6,15,209,software
291,291,14,12,6,21,182,realestate
292,292,5,8,3,2,116,pharmaceutical
293,293,15,13,3,16,191,retail
294,294,1,9,8,15,162,software
295,295,18,4,4,4,101,retail
296,296,13,0,6,20,105,education
297,297,8,16,1,14,142,realestate
298,298,6,1,8,11,59,realestate
299,299,15,22,6,23,180,realestate
300,300,1,20,9,28,201,realestate
301,301,7,29,4,16,141,financial
302,302,0,1,5,21,122,education
303,303,3,28,8,0,201,financial
304,304,2,2,4,24,203,retail
305,305,14,28,8,7,179,pharmaceutical
306,306,0,29,4,5,120,realestate
307,307,14,20,4,28,188,software
308,308,10,13,9,25,104,education
309,309,1,17,4,9,190,pharmaceutical
310,310,14,23,3,4,187,retail
311,311,8,14,9,21,182,pharmaceutical
312,312,14,17,6,28,183,education
313,313,5,24,7,16,110,software
314,314,0,24,5,23,121,realestate
315,315,17,19,6,16,197,realestate
316,316,17,9,8,9,191,realestate
317,317,10,27,8,28,125,pharmaceutical
318,318,2,19,4,1,209,financial
319,319,12,2,2,4,95,pharmaceutical
320,320,9,14,7,29,92,software
321,321,9,8,1,10,101,software
322,322,10,10,1,26,142,retail
323,323,13,15,1,25,98,financial
324,324,17,10,6,4,191,education
325,325,10,18,7,17,102,realestate
326,326,9,12,8,15,93,pharmaceutical
327,327,10,16,7,27,127,realestate
328,328,2,0,2,15,212,financial
329,329,1,0,3,9,205,realestate
330,330,9,18,5,22,70,pharmaceutical
331,331,8,22,0,7,208,retail
332,332,14,0,6,2,190,pharmaceutical
333,333,16,26,2,6,161,realestate
334,334,6,11,6,21,61,software
335,335,15,0,4,4,187,retail
336,336,0,15,1,3,123,pharmaceutical
337,337,9,5,8,4,68,retail
338,338,3,10,2,9,196,financial
339,339,8,13,2,25,161,software
340,340,3,23,2,7,192,software
341,341,9,18,7,5,45,pharmaceutical
342,342,5,11,2,22,93,financial
343,343,15,20,1,11,193,education
344,344,0,5,1,18,122,realestate
345,345,6,24,4,16,46,financial
346,346,11,2,4,15,103,financial
347,347,14,16,5,19,187,financial
348,348,11,29,9,1,136,financial
349,349,13,13,8,3,107,pharmaceutical
350,350,11,4,6,16,99,realestate
351,351,9,23,7,7,81,software
352,352,9,28,5,11,45,software
353,353,4,29,7,26,164,retail
354,354,1,18,5,25,162,education
355,355,16,5,7,1,146,realestate
356,356,5,23,2,6,102,software
357,357,12,28,7,29,102,financial
358,358,14,7,0,20,182,software
359,359,10,13,2,15,112,software
360,360,2,1,5,14,202,software
361,361,7,4,8,25,124,software
362,362,7,25,5,27,151,financial
363,363,19,14,5,19,112,realestate
364,364,13,12,3,9,121,realestate
365,365,2,28,1,20,208,financial
366,366,14,9,5,19,179,retail
367,367,6,7,2,2,75,realestate
368,368,0,23,2,6,122,retail
369,369,5,12,6,25,125,education
370,370,4,16,4,22,175,financial
371,371,1,28,5,25,190,pharmaceutical
372,372,13,21,6,0,137,retail
373,373,15,8,5,15,205,education
374,374,17,23,0,13,183,software
375,375,14,27,3,3,178,education
376,376,10,16,3,20,145,retail
377,377,13,20,1,9,90,pharmaceutical
378,378,17,5,1,16,191,pharmaceutical
379,379,3,3,4,14,215,financial
380,380,7,7,9,21,159,financial
381,381,15,22,9,1,178,realestate
382,382,4,13,7,6,161,financial
383,383,3,28,3,14,165,realestate
384,384,6,11,3,15,66,retail
385,385,11,4,3,11,113,software
386,386,12,15,6,7,92,pharmaceutical
387,387,0,16,8,25,119,pharmaceutical
388,388,11,26,0,10,102,pharmaceutical
389,389,19,29,6,0,77,education
390,390,17,24,1,6,203,software
391,391,16,7,0,11,154,financial
392,392,11,12,7,8,111,pharmaceutical
393,393,1,25,5,20,232,realestate
394,394,13,10,2,6,125,pharmaceutical
395,395,16,27,2,29,146,realestate
396,396,7,25,2,19,154,financial
397,397,5,27,5,29,133,financial
398,398,2,18,5,11,212,financial
399,399,7,25,9,29,138,software
400,400,11,20,5,0,105,retail
401,401,19,4,1,7,116,realestate
402,402,9,8,6,6,69,software
403,403,17,26,3,2,200,software
404,404,1,20,2,0,178,software
405,405,3,1,7,7,176,pharmaceutical
406,406,12,13,4,8,99,software
407,407,1,23,7,16,229,realestate
408,408,16,21,0,9,150,retail
409,409,12,25,7,25,105,realestate
410,410,13,28,8,27,110,retail
411,411,1,24,0,26,155,education
412,412,5,9,9,12,96,software
413,413,12,18,5,28,99,education
414,414,2,26,0,25,199,pharmaceutical
415,415,8,26,2,18,183,retail
416,416,4,21,2,0,144,financial
417,417,2,14,1,15,200,realestate
418,418,6,22,6,7,50,education
419,419,16,11,2,25,159,software
420,420,17,17,7,16,194,financial
421,421,5,2,7,7,136,financial
422,422,9,7,9,12,66,realestate
423,423,8,9,0,18,120,realestate
424,424,19,14,2,6,73,retail
425,425,8,13,2,8,147,retail
426,426,12,25,5,8,90,retail
427,427,14,7,2,2,192,retail
428,428,18,3,4,20,82,pharmaceutical
429,429,17,14,1,15,187,financial
430,430,7,16,5,16,119,software
431,431,19,18,4,21,80,financial
432,432,17,1,8,21,193,realestate
433,433,3,25,9,24,191,education
434,434,8,9,0,20,197,software
435,435,11,12,7,2,116,education
436,436,14,27,4,21,187,pharmaceutical
437,437,18,24,2,20,102,retail
438,438,10,15,3,23,134,pharmaceutical
439,439,2,3,6,10,202,realestate
440,440,18,18,0,25,61,software
441,441,4,21,3,27,189,pharmaceutical
442,442,19,7,1,26,85,realestate
443,443,6,16,2,17,80,software
444,444,17,9,2,10,191,retail
445,445,17,5,9,0,183,pharmaceutical
446,446,8,29,3,16,201,education
447,447,6,6,5,24,62,realestate
448,448,15,21,0,1,185,pharmaceutical
449,449,0,28,1,12,122,pharmaceutical
450,450,2,15,4,6,212,retail
451,451,10,3,2,9,126,education
452,452,18,8,4,10,74,realestate
453,453,8,25,4,6,208,realestate
454,454,6,13,8,4,50,retail
455,455,13,28,6,21,143,software
456,456,11,14,6,26,115,retail
457,457,12,1,1,24,99,pharmaceutical
458,458,2,14,2,26,204,education
459,459,11,26,3,18,125,software
460,460,13,6,7,24,143,retail
461,461,7,27,4,15,149,education
462,462,7,29,2,2,138,financial
463,463,16,24,9,1,154,education
464,464,1,12,7,14,195,financial
465,465,13,20,6,2,107,financial
466,466,7,23,9,19,141,realestate
467,467,5,25,3,0,93,pharmaceutical
468,468,4,22,5,27,146,financial
469,469,6,21,3,1,65,retail
470,470,16,12,2,28,153,software
471,471,15,12,5,4,207,pharmaceutical
472,472,7,1,1,15,126,pharmaceutical
473,473,16,14,3,17,150,realestate
474,474,15,24,2,22,217,pharmaceutical
475,475,15,1,3,3,212,pharmaceutical
476,476,4,7,4,23,189,pharmaceutical
477,477,13,9,1,18,124,realestate
478,478,15,18,9,13,180,financial
479,479,9,8,1,27,58,software
480,480,14,14,0,3,193,pharmaceutical
481,481,10,13,1,8,152,software
482,482,2,27,8,16,207,retail
483,483,17,10,9,29,200,financial
484,484,14,28,6,20,193,retail
485,485,19,27,8,16,114,retail
486,486,2,26,6,22,218,pharmaceutical
487,487,7,12,2,27,135,realestate
488,488,2,13,7,15,205,software
489,489,0,7,6,15,120,retail
490,490,13,4,7,28,109,financial
491,491,17,6,0,9,192,pharmaceutical
492,492,0,3,2,9,123,financial
493,493,2,2,1,9,210,financial
494,494,10,29,1,17,128,retail
495,495,17,29,2,7,186,retail
496,496,16,19,4,18,154,realestate
497,497,4,12,9,22,153,software
498,498,16,24,4,3,157,education
499,499,6,13,1,13,53,retail
500,500,0,23,9,11,119,retail
501,501,1,29,5,28,187,education
502,502,13,16,9,20,117,software
503,503,4,29,2,22,179,financial
504,504,8,6,5,16,165,pharmaceutical
505,505,2,13,1,23,218,software
506,506,17,11,4,28,189,retail
507,507,12,3,5,13,98,financial
508,508,5,7,9,16,138,financial
509,509,7,23,5,17,147,software
510,510,7,23,3,14,137,software
511,511,4,10,8,12,133,software
512,512,6,20,5,20,77,education
513,513,11,19,0,23,129,retail
514,514,1,29,5,5,220,realestate
515,515,4,8,9,28,132,retail
516,516,18,3,9,15,91,education
517,517,11,10,4,22,101,pharmaceutical
518,518,14,24,0,17,183,education
519,519,7,7,3,13,120,realestate
520,520,3,10,1,3,179,retail
521,521,17,20,5,11,188,realestate
522,522,19,23,6,19,80,software
523,523,6,11,4,22,80,pharmaceutical
524,524,12,23,3,17,78,education
525,525,14,4,3,18,193,education
526,526,11,18,9,23,119,realestate
527,527,7,17,5,10,132,financial
528,528,6,17,3,26,44,software
529,529,9,8,0,7,60,financial
530,530,6,14,5,9,85,pharmaceutical
531,531,9,29,4,19,77,software
532,532,16,7,3,5,160,software
533,533,14,28,9,8,188,retail
534,534,14,13,2,22,195,pharmaceutical
535,535,16,0,4,1,154,pharmaceutical
536,536,17,27,4,29,204,retail
537,537,19,9,8,27,117,financial
538,538,13,14,2,8,114,pharmaceutical
539,539,12,9,2,27,102,realestate
540,540,16,23,2,19,147,financial
541,541,9,7,5,13,96,education
542,542,7,20,3,1,161,pharmaceutical
543,543,15,4,1,16,201,realestate
544,544,19,28,9,3,102,education
545,545,4,5,2,4,176,financial
546,546,14,21,0,4,178,education
547,547,5,12,6,6,128,realestate
548,548,13,23,1,15,126,pharmaceutical
549,549,6,4,1,8,68,realestate
550,550,8,19,7,23,159,software
551,551,8,22,3,10,187,education
552,552,13,27,2,10,108,financial
553,553,11,9,1,24,136,pharmaceutical
554,554,14,4,3,18,183,retail
555,555,16,25,9,13,153,realestate
556,556,8,7,5,25,158,pharmaceutical
557,557,3,9,0,7,192,software
558,558,19,19,4,26,102,software
559,559,12,16,9,4,103,pharmaceutical
560,560,19,20,0,27,104,retail
561,561,11,11,9,9,97,pharmaceutical
562,562,17,8,5,28,205,financial
563,563,11,15,0,15,97,education
564,564,15,26,0,1,212,pharmaceutical
565,565,9,10,5,0,89,pharmaceutical
566,566,11,18,3,19,124,software
567,567,15,23,0,15,206,financial
568,568,9,29,6,15,73,financial
569,569,10,29,7,19,89,financial
570,570,8,0,7,1,122,financial
571,571,9,11,5,12,69,education
572,572,2,27,2,9,216,software
573,573,2,7,3,13,203,realestate
574,574,19,11,9,5,80,retail
575,575,11,7,4,0,97,pharmaceutical
576,576,13,3,8,1,90,pharmaceutical
577,577,1,9,3,29,215,retail
578,578,7,8,5,22,163,retail
579,579,6,8,4,6,40,financial
580,580,15,4,7,20,208,education
581,581,10,29,4,1,99,financial
582,582,4,0,3,4,186,pharmaceutical
583,583,6,0,4,29,76,education
584,584,5,26,0,23,123,retail
585,585,13,29,5,5,141,education
586,586,13,28,4,15,106,realestate
587,587,8,13,5,13,129,realestate
588,588,4,16,1,17,181,pharmaceutical
589,589,5,8,5,8,121,retail
590,590,5,28,8,29,98,pharmaceutical
591,591,8,18,2,19,196,software
592,592,7,20,3,23,152,pharmaceutical
593,593,19,2,4,6,104,retail
594,594,12,21,1,2,78,education
595,595,9,29,3,10,100,pharmaceutical
596,596,2,14,1,7,201,pharmaceutical
597,597,14,25,0,12,195,retail
598,598,11,5,8,26,129,retail
599,599,18,27,8,13,95,financial
600,600,18,12,5,6,51,pharmaceutical
601,601,5,17,2,21,104,financial
602,602,16,1,3,10,159,financial
603,603,10,18,8,19,145,software
604,604,17,19,2,3,194,retail
605,605,19,8,8,18,90,software
606,606,4,29,9,24,169,realestate
607,607,15,8,6,12,188,software
608,608,15,10,4,17,211,education
609,609,2,26,7,6,201,financial
610,610,11,1,8,6,128,software
611,611,16,20,1,16,147,retail
612,612,5,5,9,12,94,retail
613,613,13,29,5,20,90,realestate
614,614,14,15,8,28,189,software
615,615,6,21,0,5,58,retail
616,616,11,21,3,15,140,realestate
617,617,12,27,5,29,91,realestate
618,618,19,12,6,13,79,financial
619,619,10,1,0,1,124,software
620,620,4,26,8,7,172,retail
621,621,0,0,9,8,122,financial
622,622,6,17,7,27,57,retail
623,623,14,21,0,18,196,retail
624,624,5,0,6,7,108,retail
625,625,9,8,7,11,54,software
626,626,9,19,9,6,77,software
627,627,17,24,8,2,199,software
628,628,7,5,7,25,147,financial
629,629,17,9,9,10,198,education
630,630,3,25,7,24,216,realestate
631,631,16,1,1,22,162,education
632,632,14,18,6,27,182,retail
633,633,13,4,2,18,93,education
634,634,18,18,4,18,85,realestate
635,635,6,27,0,6,77,pharmaceutical
636,636,7,13,8,22,122,pharmaceutical
637,637,2,18,6,20,203,pharmaceutical
638,638,2,2,8,12,205,realestate
639,639,8,12,0,3,196,retail
640,640,19,12,5,2,86,software
641,641,2,12,6,16,200,pharmaceutical
642,642,2,5,6,1,209,pharmaceutical
643,643,15,19,7,1,187,financial
644,644,2,29,1,17,205,financial
645,645,5,22,7,21,130,realestate
646,646,12,9,9,2,78,realestate
647,647,11,14,9,6,96,software
648,648,2,0,3,28,204,retail
649,649,4,12,4,26,145,education
650,650,10,7,0,13,89,realestate
651,651,2,15,4,25,215,financial
652,652,9,22,1,5,50,realestate
653,653,1,23,1,25,210,education
654,654,5,26,7,20,140,retail
655,655,18,22,8,15,51,pharmaceutical
656,656,14,4,9,2,180,retail
657,657,8,2,0,16,175,software
658,658,19,26,9,21,75,retail
659,659,16,2,1,22,147,financial
660,660,16,26,9,23,158,pharmaceutical
661,661,6,26,6,9,80,realestate
662,662,10,1,4,8,156,realestate
663,663,5,8,6,23,104,retail
664,664,10,18,7,7,145,pharmaceutical
665,665,5,20,9,12,129,financial
666,666,6,14,2,9,59,software
667,667,19,4,3,25,101,retail
668,668,0,12,9,13,119,retail
669,669,17,2,8,1,183,software
670,670,16,2,1,6,151,realestate
671,671,9,26,4,11,67,education
672,672,19,12,2,18,98,realestate
673,673,10,22,5,23,136,education
674,674,7,21,6,7,131,education
675,675,15,0,1,29,187,realestate
676,676,10,17,4,14,95,financial
677,677,5,18,3,2,121,financial
678,678,5,7,5,5,111,retail
679,679,10,10,4,17,89,education
680,680,4,10,3,10,182,education
681,681,0,15,1,22,119,pharmaceutical
682,682,17,17,6,10,186,financial
683,683,16,28,2,21,153,financial
684,684,14,28,7,17,180,software
685,685,18,0,8,4,58,financial
686,686,11,5,4,0,103,software
687,687,17,7,1,6,183,software
688,688,10,20,6,7,143,education
689,689,6,1,1,19,60,education
690,690,2,6,8,3,212,education
691,691,18,12,4,20,79,realestate
692,692,16,8,4,8,158,financial
693,693,18,20,2,24,87,retail
694,694,0,19,2,9,123,retail
695,695,18,10,9,21,102,realestate
696,696,6,0,3,3,54,realestate
697,697,7,8,8,19,158,realestate
698,698,4,28,8,29,165,education
699,699,15,15,5,20,185,pharmaceutical
700,700,19,26,7,4,78,education
701,701,14,6,5,28,187,software
702,702,14,12,8,16,183,pharmaceutical
703,703,10,4,6,15,117,software
704,704,4,27,6,14,191,pharmaceutical
705,705,9,18,9,11,71,education
706,706,0,0,4,9,122,financial
707,707,8,7,2,13,172,retail
708,708,13,7,4,9,134,realestate
709,709,13,27,2,26,99,retail
710,710,15,6,8,14,178,financial
711,711,6,21,3,22,62,education
712,712,19,25,3,3,109,software
713,713,9,3,4,1,47,pharmaceutical
714,714,19,21,0,4,88,pharmaceutical
715,715,8,4,9,7,135,pharmaceutical
716,716,15,19,5,10,203,financial
717,717,5,26,2,15,102,software
718,718,0,14,4,25,122,software
719,719,2,3,4,22,208,financial
720,720,1,29,1,5,229,software
721,721,12,24,1,1,78,education
722,722,2,20,9,25,215,software
723,723,11,10,8,12,119,pharmaceutical
724,724,8,16,5,14,189,realestate
725,725,12,21,5,5,106,software
726,726,2,1,9,20,216,education
727,727,7,5,1,15,157,pharmaceutical
728,728,1,0,2,12,171,realestate
729,729,12,26,1,16,81,financial
730,730,1,29,1,8,236,education
731,731,16,28,2,24,159,retail
732,732,7,29,7,26,162,retail
733,733,15,2,6,10,198,software
734,734,14,4,7,7,180,software
735,735,12,2,8,27,78,software
736,736,17,7,5,19,200,pharmaceutical
737,737,16,23,4,20,162,retail
738,738,8,5,3,24,145,realestate
739,739,10,16,0,14,94,realestate
740,740,16,12,4,28,153,pharmaceutical
741,741,10,9,9,24,104,software
742,742,6,25,2,9,77,software
743,743,0,8,8,18,120,retail
744,744,4,29,2,26,130,education
745,745,3,29,2,6,173,education
746,746,2,0,4,16,200,education
747,747,10,23,3,7,120,pharmaceutical
748,748,13,4,6,0,98,financial
749,749,17,7,8,6,196,retail
750,750,3,6,4,17,173,realestate
751,751,5,7,2,2,109,software
752,752,11,15,8,0,127,retail
753,753,1,10,4,9,202,realestate
754,754,7,13,0,0,138,financial
755,755,11,28,5,27,140,retail
756,756,2,2,9,17,211,education
757,757,12,15,8,13,99,realestate
758,758,4,14,3,13,190,retail
759,759,2,18,1,22,207,education
760,760,13,5,1,20,95,education
761,761,19,21,9,29,101,retail
762,762,11,27,4,23,107,realestate
763,763,16,16,6,20,153,education
764,764,11,20,5,19,95,pharmaceutical
765,765,7,26,6,23,143,pharmaceutical
766,766,1,10,3,3,188,financial
767,767,18,28,8,28,72,software
768,768,0,26,2,20,119,retail
769,769,15,5,9,6,190,retail
770,770,11,10,8,8,113,software
771,771,13,24,1,4,90,financial
772,772,2,27,7,19,208,realestate
773,773,2,28,3,22,209,financial
774,774,15,16,1,3,217,software
775,775,11,29,0,25,111,retail
776,776,15,7,9,22,192,realestate
777,777,9,19,2,24,95,software
778,778,9,12,8,5,67,retail
779,779,18,13,7,5,58,software
780,780,11,27,9,29,110,software
781,781,2,15,7,29,215,education
782,782,12,9,0,29,99,education
783,783,3,5,1,18,189,realestate
784,784,15,22,9,13,216,education
785,785,7,29,2,17,167,realestate
786,786,12,9,5,22,105,education
787,787,14,5,9,27,185,financial
788,788,9,23,5,22,97,realestate
789,789,6,10,5,17,84,education
790,790,9,6,1,6,97,pharmaceutical
791,791,5,13,9,13,127,financial
792,792,12,11,4,4,108,retail
793,793,13,28,3,22,91,pharmaceutical
794,794,11,1,4,6,110,software
795,795,12,25,0,5,98,financial
796,796,4,20,0,5,141,retail
797,797,7,18,5,22,141,software
798,798,14,4,6,16,195,education
799,799,1,1,8,14,225,education
800,800,3,26,2,0,165,pharmaceutical
801,801,1,25,8,17,160,retail
802,802,9,14,5,13,71,realestate
803,803,17,15,9,12,192,pharmaceutical
804,804,19,18,6,2,105,software
805,805,15,10,0,10,179,retail
806,806,10,14,0,29,134,financial
807,807,11,2,6,0,107,financial
808,808,11,3,6,3,135,pharmaceutical
809,809,16,20,0,19,146,realestate
810,810,4,24,2,7,146,software
811,811,3,4,8,21,193,financial
812,812,5,10,8,15,129,financial
813,813,17,2,8,17,184,pharmaceutical
814,814,16,9,8,15,148,financial
815,815,4,15,3,6,157,software
816,816,14,20,1,27,180,retail
817,817,7,26,3,25,129,retail
818,818,19,24,1,26,95,retail
819,819,3,4,2,15,179,retail
820,820,5,2,4,16,92,retail
821,821,18,0,6,13,65,retail
822,822,2,3,3,5,216,financial
823,823,4,23,4,21,172,retail
824,824,3,22,5,20,200,pharmaceutical
825,825,2,22,5,9,205,realestate
826,826,6,6,7,7,43,education
827,827,16,11,1,18,155,education
828,828,4,10,7,18,189,realestate
829,829,17,20,0,6,187,realestate
830,830,10,10,0,8,152,retail
831,831,0,24,9,8,119,financial
832,832,15,25,3,23,198,retail
833,833,3,16,8,0,191,software
834,834,6,12,4,22,85,education
835,835,5,22,7,25,104,software
836,836,15,20,1,24,216,realestate
837,837,3,25,3,25,174,software
838,838,14,17,4,1,183,retail
839,839,1,23,6,11,206,pharmaceutical
840,840,17,6,4,17,205,realestate
841,841,12,10,2,29,80,financial
842,842,3,16,5,27,167,education
843,843,15,4,1,17,178,education
844,844,15,9,2,2,180,realestate
845,845,4,0,6,28,150,retail
846,846,11,16,9,16,94,financial
847,847,6,28,3,13,83,education
848,848,4,0,6,5,159,software
849,849,12,11,9,10,88,pharmaceutical
850,850,19,17,3,25,71,retail
851,851,12,13,1,23,96,software
852,852,15,11,6,9,196,retail
853,853,4,8,8,21,168,pharmaceutical
854,854,14,1,1,11,186,financial
855,855,6,9,5,25,74,financial
856,856,17,17,6,16,185,realestate
857,857,10,24,3,16,94,realestate
858,858,18,26,3,25,95,pharmaceutical
859,859,12,24,9,9,84,realestate
860,860,6,24,3,7,73,software
861,861,11,16,6,23,101,financial
862,862,16,16,5,15,155,pharmaceutical
863,863,11,24,7,4,116,pharmaceutical
864,864,8,4,6,22,111,realestate
865,865,17,15,3,21,193,software
866,866,10,9,2,21,135,software
867,867,7,14,3,13,151,financial
868,868,7,18,2,1,126,education
869,869,8,0,7,8,157,education
870,870,15,19,7,7,202,realestate
871,871,0,6,1,20,120,retail
872,872,13,12,2,5,112,software
873,873,4,16,7,9,174,realestate
874,874,14,13,2,17,179,financial
875,875,0,27,0,19,122,software
876,876,18,18,3,1,90,education
877,877,1,2,1,4,158,pharmaceutical
878,878,16,28,9,18,151,software
879,879,19,19,8,29,91,pharmaceutical
880,880,8,6,5,28,116,realestate
881,881,15,27,3,18,205,software
882,882,13,12,6,6,140,software
883,883,15,26,2,29,178,retail
884,884,18,19,4,4,94,realestate
885,885,13,2,1,4,119,education
886,886,2,4,5,15,209,software
887,887,15,11,9,0,218,education
888,888,4,6,4,16,134,pharmaceutical
889,889,0,15,8,25,121,pharmaceutical
890,890,4,12,8,13,138,realestate
891,891,0,0,4,26,122,pharmaceutical
892,892,2,27,1,24,203,retail
893,893,11,12,8,19,132,software
894,894,17,18,9,12,199,realestate
895,895,3,29,8,19,191,software
896,896,17,0,5,17,191,financial
897,897,2,11,8,12,216,pharmaceutical
898,898,5,20,2,2,98,education
899,899,1,4,1,10,235,realestate
900,900,10,28,6,19,102,realestate
901,901,18,17,9,15,67,pharmaceutical
902,902,6,4,7,7,45,retail
903,903,12,9,6,28,92,education
904,904,15,9,6,15,196,education
905,905,5,2,0,17,92,retail
906,906,13,9,7,6,135,pharmaceutical
907,907,7,9,9,10,120,financial
908,908,17,21,4,12,201,retail
909,909,3,25,0,5,205,financial
910,910,19,2,0,9,82,retail
911,911,3,20,3,8,197,realestate
912,912,16,20,3,9,146,financial
913,913,4,16,7,3,136,pharmaceutical
914,914,7,4,8,24,144,realestate
915,915,2,14,9,15,202,pharmaceutical
916,916,18,25,4,1,83,financial
917,917,11,1,6,13,97,software
918,918,2,10,3,16,212,education
919,919,8,12,7,0,188,financial
920,920,14,11,6,25,189,pharmaceutical
921,921,16,24,6,2,149,realestate
922,922,9,10,9,14,47,pharmaceutical
923,923,11,11,0,5,99,financial
924,924,9,16,0,2,80,education
925,925,15,11,7,25,213,realestate
926,926,4,29,2,24,165,realestate
927,927,15,3,5,26,189,software
928,928,15,18,0,14,182,financial
929,929,15,21,4,10,201,software
930,930,15,17,8,27,194,financial
931,931,9,13,8,26,69,education
932,932,12,9,8,4,97,retail
933,933,7,13,0,17,127,financial
934,934,11,3,1,13,133,software
935,935,2,5,4,20,210,realestate
936,936,11,21,0,2,110,education
937,937,19,5,3,17,113,education
938,938,8,12,0,3,112,financial
939,939,8,6,8,25,156,retail
940,940,4,24,7,4,174,realestate
941,941,13,1,2,26,132,software
942,942,1,28,6,8,190,education
943,943,5,26,5,3,132,retail
944,944,14,25,0,0,195,realestate
945,945,2,29,9,18,204,retail
946,946,2,18,7,29,206,financial
947,947,7,21,3,13,145,retail
948,948,3,12,3,19,208,pharmaceutical
949,949,8,7,7,22,178,financial
950,950,17,23,5,4,204,education
951,951,0,8,5,24,122,retail
952,952,12,16,4,23,102,software
953,953,16,0,3,19,162,software
954,954,11,9,1,9,141,pharmaceutical
955,955,3,28,3,7,194,realestate
956,956,2,3,5,10,200,financial
957,957,10,15,8,8,99,realestate
958,958,15,3,8,13,218,pharmaceutical
959,959,4,17,1,14,178,realestate
960,960,14,0,2,5,195,education
961,961,8,20,0,25,169,pharmaceutical
962,962,4,13,3,8,192,software
963,963,5,2,0,3,107,pharmaceutical
964,964,10,24,5,8,108,education
965,965,8,3,8,21,151,pharmaceutical
966,966,17,26,8,2,202,pharmaceutical
967,967,14,13,9,13,192,software
968,968,4,14,2,19,158,software
969,969,1,1,7,18,161,financial
970,970,7,15,7,1,134,retail
971,971,11,8,4,0,131,pharmaceutical
972,972,0,1,9,14,119,retail
973,973,14,15,6,24,187,financial
974,974,10,28,1,13,113,software
975,975,1,16,0,20,175,software
976,976,15,15,1,4,196,retail
977,977,6,0,1,28,51,software
978,978,2,8,4,5,219,realestate
979,979,7,12,8,4,130,retail
980,980,6,20,5,12,71,software
981,981,19,3,0,26,100,software
982,982,11,28,9,15,103,education
983,983,16,8,9,22,162,financial
984,984,2,24,8,16,214,retail
985,985,10,24,9,2,131,software
986,986,16,15,1,22,152,financial
987,987,6,23,0,10,53,education
988,988,13,21,3,13,120,software
989,989,8,17,7,26,114,education
990,990,10,6,1,5,143,software
991,991,9,10,6,18,59,financial
992,992,18,18,7,0,91,education
993,993,16,4,5,1,151,retail
994,994,1,29,8,19,231,retail
995,995,14,10,1,14,195,pharmaceutical
996,996,11,28,8,28,119,software
997,997,14,1,8,27,199,financial
998,998,13,15,2,16,86,software
999,999,3,13,7,2,200,pharmaceutical
1000,1000,19,27,6,20,112,software
1001,1001,16,3,2,19,150,financial
1002,1002,18,22,2,21,53,realestate
1003,1003,4,3,9,24,176,software
1004,1004,8,26,0,21,160,education
1005,1005,3,18,9,8,194,realestate
1006,1006,9,8,3,4,65,realestate
1007,1007,4,24,9,2,180,financial
1008,1008,3,10,7,18,177,education
1009,1009,4,2,3,1,145,pharmaceutical
1010,1010,11,11,8,27,113,education
1011,1011,10,15,6,12,108,realestate
1012,1012,2,3,7,9,203,software
1013,1013,4,21,6,26,134,software
1014,1014,17,29,8,15,190,realestate
1015,1015,15,20,6,15,187,realestate
1016,1016,4,28,4,24,135,education
1017,1017,3,20,4,3,197,realestate
1018,1018,2,20,3,27,212,retail
1019,1019,6,26,9,25,82,education
1020,1020,14,13,1,14,183,education
1021,1021,14,19,5,27,184,software
1022,1022,10,0,1,26,153,retail
1023,1023,18,1,5,13,92,pharmaceutical
1024,1024,19,0,2,8,80,realestate
1025,1025,12,5,1,19,106,realestate
1026,1026,12,13,5,24,101,education
1027,1027,16,10,3,28,158,retail
1028,1028,3,13,3,0,165,retail
1029,1029,3,0,9,18,176,education
1030,1030,2,14,5,26,215,retail
1031,1031,17,13,4,20,186,retail
1032,1032,8,15,2,28,190,financial
1033,1033,15,23,4,14,216,education
1034,1034,1,8,7,11,165,financial
1035,1035,7,16,5,23,147,retail
1036,1036,16,17,3,11,151,financial
1037,1037,13,14,1,14,139,retail
1038,1038,3,26,9,1,202,financial
1039,1039,9,1,5,11,74,software
1040,1040,5,25,0,4,119,software
1041,1041,19,19,6,25,119,realestate
1042,1042,13,24,6,16,108,realestate
1043,1043,12,28,2,28,89,retail
1044,1044,19,29,4,7,99,financial
1045,1045,8,27,9,4,192,software
1046,1046,2,6,3,23,215,financial
1047,1047,13,19,3,3,132,retail
1048,1048,17,11,2,13,185,realestate
1049,1049,2,18,0,20,212,education
1050,1050,19,13,7,11,119,software
1051,1051,17,26,1,10,199,realestate
1052,1052,18,3,2,9,57,pharmaceutical
1053,1053,18,4,1,14,76,financial
1054,1054,15,3,8,18,218,financial
1055,1055,16,14,5,18,153,realestate
1056,1056,16,7,1,15,150,retail
1057,1057,8,14,7,8,202,software
1058,1058,18,20,8,23,70,realestate
1059,1059,15,19,9,5,194,financial
1060,1060,18,19,2,4,85,retail
1061,1061,9,11,6,28,92,financial
1062,1062,13,5,7,2,120,realestate
1063,1063,4,7,9,20,175,financial
1064,1064,15,22,6,10,205,software
1065,1065,11,4,8,3,140,pharmaceutical
1066,1066,0,21,1,8,123,pharmaceutical
1067,1067,16,5,1,2,161,financial
1068,1068,8,14,0,11,177,realestate
1069,1069,13,0,7,18,101,retail
1070,1070,3,11,3,8,196,retail
1071,1071,13,29,0,2,140,financial
1072,1072,11,0,4,28,94,education
1073,1073,0,24,6,7,121,realestate
1074,1074,16,0,2,19,155,retail
1075,1075,17,8,6,20,199,retail
1076,1076,6,5,1,0,66,retail
1077,1077,17,1,0,28,202,software
1078,1078,15,12,9,23,182,financial
1079,1079,7,2,1,13,167,education
1080,1080,10,19,1,10,97,pharmaceutical
1081,1081,0,21,5,18,123,education
1082,1082,18,4,9,22,84,retail
1083,1083,8,0,6,6,172,financial
1084,1084,12,2,1,17,108,realestate
1085,1085,10,22,9,24,123,realestate
1086,1086,16,6,2,14,154,financial
1087,1087,15,9,9,17,211,pharmaceutical
1088,1088,19,8,0,28,71,retail
1089,1089,3,3,5,12,207,retail
1090,1090,15,20,8,2,216,education
1091,1091,15,5,9,14,210,retail
1092,1092,5,22,2,20,112,pharmaceutical
1093,1093,19,12,6,17,85,retail
1094,1094,1,27,3,4,186,education
1095,1095,5,21,0,4,133,software
1096,1096,0,0,5,21,123,realestate
1097,1097,16,23,0,21,161,pharmaceutical
1098,1098,7,11,0,7,160,software
1099,1099,15,11,7,7,191,software
1100,1100,17,21,6,23,200,retail
1101,1101,5,6,0,19,114,pharmaceutical
1102,1102,14,17,7,2,198,education
1103,1103,7,0,7,5,127,retail
1104,1104,15,1,9,17,195,retail
1105,1105,3,4,5,11,210,realestate
1106,1106,5,10,6,7,95,software
1107,1107,1,12,6,20,190,realestate
1108,1108,6,17,0,10,84,pharmaceutical
1109,1109,1,24,7,17,212,retail
1110,1110,12,21,5,1,95,pharmaceutical
1111,1111,8,25,4,18,148,software
1112,1112,15,19,2,21,201,pharmaceutical
1113,1113,1,1,8,13,163,retail
1114,1114,18,12,3,18,70,education
1115,1115,16,12,8,7,152,retail
1116,1116,13,11,2,18,143,financial
1117,1117,0,4,9,2,123,realestate
1118,1118,1,13,4,10,228,software
1119,1119,5,25,1,24,133,pharmaceutical
1120,1120,14,26,5,10,192,realestate
1121,1121,14,22,3,9,186,financial
1122,1122,11,8,0,7,97,education
1123,1123,8,27,3,8,177,pharmaceutical
1124,1124,7,1,6,18,135,pharmaceutical
1125,1125,6,21,2,11,49,software
1126,1126,7,23,6,29,162,education
1127,1127,8,3,7,2,143,realestate
1128,1128,10,11,6,20,118,financial
1129,1129,18,7,2,3,71,pharmaceutical
1130,1130,2,1,5,8,213,financial
1131,1131,15,2,1,25,214,financial
1132,1132,10,1,8,5,111,pharmaceutical
1133,1133,7,10,7,8,164,pharmaceutical
1134,1134,11,1,4,10,130,software
1135,1135,15,10,3,1,219,education
1136,1136,18,17,5,1,53,retail
1137,1137,3,8,7,4,200,realestate
1138,1138,10,1,5,18,154,software
1139,1139,0,8,1,7,121,retail
1140,1140,3,23,5,13,168,retail
1141,1141,18,25,1,14,71,retail
1142,1142,0,29,4,24,119,realestate
1143,1143,9,5,9,23,86,retail
1144,1144,12,10,5,25,89,realestate
1145,1145,4,24,5,21,168,software
1146,1146,9,9,5,27,102,retail
1147,1147,15,28,2,19,220,financial
1148,1148,7,14,2,16,135,education
1149,1149,6,21,2,22,51,education
1150,1150,19,28,4,19,113,software
1151,1151,16,25,2,22,157,financial
1152,1152,13,23,7,17,107,realestate
1153,1153,13,24,3,14,132,realestate
1154,1154,19,2,8,24,72,retail
1155,1155,17,29,4,7,183,pharmaceutical
1156,1156,16,0,1,14,149,retail
1157,1157,12,24,2,22,93,software
1158,1158,18,3,0,3,68,realestate
1159,1159,11,10,3,19,139,pharmaceutical
1160,1160,18,17,1,17,98,realestate
1161,1161,12,9,6,17,85,pharmaceutical
1162,1162,13,27,5,5,107,pharmaceutical
1163,1163,14,26,8,6,185,pharmaceutical
1164,1164,3,8,1,29,185,realestate
1165,1165,18,8,5,22,71,retail
1166,1166,15,26,0,12,210,software
1167,1167,14,23,6,9,188,software
1168,1168,15,0,7,25,219,software
1169,1169,1,7,8,14,221,retail
1170,1170,12,16,5,20,82,pharmaceutical
1171,1171,13,2,9,13,116,realestate
1172,1172,5,28,1,21,122,retail
1173,1173,10,25,9,7,91,financial
1174,1174,4,17,4,12,146,financial
1175,1175,1,6,7,15,175,education
1176,1176,0,20,3,11,122,pharmaceutical
1177,1177,14,23,6,9,187,realestate
1178,1178,14,24,2,22,190,financial
1179,1179,10,28,8,12,159,education
1180,1180,8,16,7,13,139,education
1181,1181,3,19,6,2,180,pharmaceutical
1182,1182,10,25,8,9,131,software
1183,1183,12,7,1,19,102,education
1184,1184,2,29,0,2,207,financial
1185,1185,15,9,5,14,183,pharmaceutical
1186,1186,13,29,3,29,106,pharmaceutical
1187,1187,16,5,4,28,147,pharmaceutical
1188,1188,5,15,5,10,109,retail
1189,1189,10,3,1,10,106,financial
1190,1190,11,16,9,10,134,pharmaceutical
1191,1191,17,15,8,28,190,retail
1192,1192,16,25,9,15,155,realestate
1193,1193,19,26,0,25,108,realestate
1194,1194,16,4,0,13,157,software
1195,1195,10,4,6,22,145,realestate
1196,1196,1,24,2,16,221,education
1197,1197,18,7,1,19,77,software
1198,1198,14,17,1,22,194,financial
1199,1199,7,21,7,8,123,retail
1200,1200,0,20,6,14,119,retail
1201,1201,16,26,3,3,155,software
1202,1202,8,11,7,22,134,retail
1203,1203,6,15,0,5,61,education
1204,1204,13,9,3,3,131,education
1205,1205,13,7,5,10,121,pharmaceutical
1206,1206,19,0,0,3,110,pharmaceutical
1207,1207,4,16,0,27,192,retail
1208,1208,8,1,6,20,200,education
1209,1209,7,20,0,26,136,education
1210,1210,16,6,0,18,151,realestate
1211,1211,8,11,4,24,178,software
1212,1212,7,10,0,28,135,financial
1213,1213,16,3,2,5,161,education
1214,1214,17,28,9,14,199,education
1215,1215,8,17,6,13,201,retail
1216,1216,11,0,9,1,136,education
1217,1217,13,10,0,21,99,financial
1218,1218,18,20,8,18,59,software
1219,1219,11,14,2,3,126,pharmaceutical
1220,1220,17,15,7,1,197,financial
1221,1221,13,16,4,20,136,pharmaceutical
1222,1222,9,25,0,2,45,software
1223,1223,19,2,8,10,77,software
1224,1224,4,7,2,4,176,education
1225,1225,2,3,7,14,204,realestate
1226,1226,0,18,7,0,120,realestate
1227,1227,13,26,9,1,98,pharmaceutical
1228,1228,18,16,2,14,65,retail
1229,1229,0,15,4,1,119,pharmaceutical
1230,1230,11,20,6,6,99,realestate
1231,1231,11,21,9,7,122,realestate
1232,1232,15,8,4,23,203,pharmaceutical
1233,1233,18,16,0,24,92,financial
1234,1234,8,9,4,19,164,software
1235,1235,17,9,9,16,199,education
1236,1236,2,23,6,1,209,software
1237,1237,17,11,8,14,191,software
1238,1238,13,17,2,0,103,financial
1239,1239,11,10,1,18,133,retail
1240,1240,8,28,7,17,202,financial
1241,1241,6,0,6,22,45,realestate
1242,1242,5,21,8,4,116,retail
1243,1243,3,24,0,25,212,education
1244,1244,1,11,9,3,235,pharmaceutical
1245,1245,15,26,7,0,197,retail
1246,1246,13,4,2,1,137,realestate
1247,1247,4,16,4,25,153,financial
1248,1248,17,27,6,28,188,education
1249,1249,15,4,4,17,180,retail
1250,1250,11,7,9,29,100,realestate
1251,1251,16,1,4,14,148,retail
1252,1252,8,13,8,24,203,financial
1253,1253,16,21,8,7,158,realestate
1254,1254,17,12,1,0,196,education
1255,1255,7,5,1,23,163,financial
1256,1256,9,12,9,26,68,retail
1257,1257,10,0,6,24,100,retail
1258,1258,3,20,9,28,172,software
1259,1259,9,9,0,17,78,education
1260,1260,4,21,8,22,172,retail
1261,1261,2,17,6,11,214,pharmaceutical
1262,1262,10,28,2,10,93,retail
1263,1263,17,7,2,1,183,financial
1264,1264,5,2,6,17,127,software
1265,1265,1,25,1,12,155,retail
1266,1266,13,29,6,4,128,education
1267,1267,15,21,8,22,196,software
1268,1268,4,14,9,19,155,software
1269,1269,7,21,7,14,135,pharmaceutical
1270,1270,8,15,0,27,153,realestate
1271,1271,5,27,1,19,96,software
1272,1272,4,26,4,4,146,pharmaceutical
1273,1273,16,24,8,23,147,pharmaceutical
1274,1274,16,2,7,0,157,financial
1275,1275,14,11,8,1,186,realestate
1276,1276,16,17,3,26,156,realestate
1277,1277,6,24,3,10,48,retail
1278,1278,13,25,7,3,136,realestate
1279,1279,1,3,6,5,234,realestate
1280,1280,0,28,3,4,120,software
1281,1281,16,18,5,21,154,software
1282,1282,18,21,6,23,63,financial
1283,1283,9,10,4,3,62,realestate
1284,1284,2,0,5,14,209,realestate
1285,1285,15,10,8,25,218,software
1286,1286,19,24,0,26,86,retail
1287,1287,9,15,8,14,70,pharmaceutical
1288,1288,0,22,6,8,122,realestate
1289,1289,19,4,3,3,116,realestate
1290,1290,14,17,0,23,194,education
1291,1291,11,5,1,28,109,financial
1292,1292,11,23,7,24,92,pharmaceutical
1293,1293,18,29,2,29,74,education
1294,1294,16,25,7,23,153,software
1295,1295,17,20,1,9,204,education
1296,1296,14,14,3,26,187,financial
1297,1297,13,20,4,3,124,financial
1298,1298,4,13,8,14,158,financial
1299,1299,17,17,7,28,186,software
1300,1300,0,25,8,4,121,education
1301,1301,16,3,5,10,155,financial
1302,1302,5,14,3,16,99,pharmaceutical
1303,1303,19,4,1,21,97,software
1304,1304,12,26,0,24,87,education
1305,1305,16,3,1,28,146,pharmaceutical
1306,1306,17,20,5,19,191,realestate
1307,1307,17,2,7,20,191,education
1308,1308,6,29,0,5,64,education
1309,1309,19,15,7,15,107,realestate
1310,1310,2,7,6,19,200,software
1311,1311,18,9,0,2,75,retail
1312,1312,4,23,4,14,162,pharmaceutical
1313,1313,9,13,3,23,81,realestate
1314,1314,5,17,6,10,121,software
1315,1315,11,15,2,26,95,pharmaceutical
1316,1316,0,8,0,23,122,pharmaceutical
1317,1317,10,27,0,18,121,retail
1318,1318,6,16,6,10,60,pharmaceutical
1319,1319,8,17,0,28,187,pharmaceutical
1320,1320,1,29,4,5,212,financial
1321,1321,12,15,1,26,82,pharmaceutical
1322,1322,2,29,6,27,213,pharmaceutical
1323,1323,19,28,8,16,97,financial
1324,1324,17,25,0,22,202,financial
1325,1325,19,5,1,16,91,retail
1326,1326,12,14,1,11,97,retail
1327,1327,0,7,1,12,120,financial
1328,1328,9,26,1,9,104,education
1329,1329,11,7,7,5,128,retail
1330,1330,7,2,4,29,167,software
1331,1331,1,1,9,25,211,education
1332,1332,17,7,3,2,183,pharmaceutical
1333,1333,18,18,3,27,85,pharmaceutical
1334,1334,3,21,3,20,214,retail
1335,1335,8,25,1,5,163,financial
1336,1336,7,21,3,19,123,education
1337,1337,0,18,7,3,123,software
1338,1338,12,26,9,26,93,retail
1339,1339,19,6,4,2,97,financial
1340,1340,11,28,0,14,98,software
1341,1341,4,25,7,29,166,pharmaceutical
1342,1342,15,4,5,8,216,financial
1343,1343,7,8,1,1,141,software
1344,1344,0,23,2,16,119,financial
1345,1345,9,8,0,29,44,retail
1346,1346,10,6,8,16,117,financial
1347,1347,14,23,4,9,191,financial
1348,1348,5,8,1,10,129,realestate
1349,1349,5,25,5,9,117,education
1350,1350,6,0,8,19,63,financial
1351,1351,12,0,0,18,90,financial
1352,1352,4,8,9,19,161,retail
1353,1353,18,4,2,26,89,education
1354,1354,1,19,2,4,176,education
1355,1355,5,5,7,5,117,realestate
1356,1356,4,8,5,17,137,education
1357,1357,9,0,1,19,55,realestate
1358,1358,8,10,9,14,161,software
1359,1359,9,8,0,5,105,education
1360,1360,4,28,5,23,194,pharmaceutical
1361,1361,19,13,6,13,106,realestate
1362,1362,4,2,7,14,176,software
1363,1363,0,6,2,1,120,education
1364,1364,19,22,9,24,105,education
1365,1365,19,27,0,2,84,software
1366,1366,11,8,9,21,135,retail
1367,1367,8,4,4,4,111,financial
1368,1368,15,14,3,19,178,realestate
1369,1369,14,16,0,16,195,retail
1370,1370,1,1,1,19,212,software
1371,1371,13,9,3,23,114,realestate
1372,1372,1,26,4,16,155,pharmaceutical
1373,1373,4,10,3,21,189,retail
1374,1374,5,24,1,15,99,education
1375,1375,5,12,0,7,119,software
1376,1376,14,22,7,1,183,education
1377,1377,2,28,1,4,206,software
1378,1378,19,7,6,28,82,software
1379,1379,14,4,7,22,199,retail
1380,1380,5,11,7,1,121,financial
1381,1381,17,18,2,11,183,financial
1382,1382,0,8,6,5,119,pharmaceutical
1383,1383,18,28,6,18,62,pharmaceutical
1384,1384,17,17,3,23,197,software
1385,1385,13,8,5,11,145,retail
1386,1386,12,4,8,6,96,software
1387,1387,5,15,7,5,138,financial
1388,1388,4,23,7,18,184,retail
1389,1389,0,12,7,2,122,pharmaceutical
1390,1390,9,1,4,23,95,pharmaceutical
1391,1391,13,10,9,20,120,education
1392,1392,9,14,1,18,62,software
1393,1393,17,6,2,23,192,financial
1394,1394,9,5,8,24,93,software
1395,1395,6,22,8,28,61,realestate
1396,1396,6,7,4,19,52,financial
1397,1397,18,20,5,9,91,retail
1398,1398,0,7,8,3,119,retail
1399,1399,4,1,2,19,137,education
1400,1400,13,16,8,8,139,financial
1401,1401,10,0,5,6,124,realestate
1402,1402,7,26,3,13,140,software
1403,1403,16,27,6,7,160,realestate
1404,1404,6,26,5,17,69,education
1405,1405,15,5,9,25,203,software
1406,1406,11,16,5,3,121,software
1407,1407,8,20,1,12,124,education
1408,1408,12,24,8,0,81,pharmaceutical
1409,1409,13,20,4,23,138,education
1410,1410,2,10,4,29,201,education
1411,1411,15,12,4,17,182,education
1412,1412,17,27,4,18,190,education
1413,1413,16,21,6,7,149,pharmaceutical
1414,1414,12,10,2,8,82,education
1415,1415,9,13,3,28,78,realestate
1416,1416,3,14,8,24,203,software
1417,1417,5,28,4,13,121,realestate
1418,1418,16,17,7,17,158,retail
1419,1419,19,18,8,1,74,education
1420,1420,11,9,0,17,130,education
1421,1421,16,0,3,6,148,realestate
1422,1422,9,8,2,6,79,retail
1423,1423,3,24,9,8,202,education
1424,1424,5,28,8,15,98,financial
1425,1425,12,1,7,10,109,financial
1426,1426,8,4,1,27,122,realestate
1427,1427,7,28,1,10,129,education
1428,1428,3,17,9,11,197,education
1429,1429,19,2,8,23,103,financial
1430,1430,8,23,9,28,165,software
1431,1431,7,26,6,3,139,education
1432,1432,4,9,0,2,194,retail
1433,1433,9,9,2,0,93,retail
1434,1434,16,17,3,21,154,education
1435,1435,2,19,3,22,199,retail
1436,1436,13,27,2,19,134,retail
1437,1437,10,23,5,10,157,pharmaceutical
1438,1438,14,6,9,7,194,software
1439,1439,10,21,3,0,159,education
1440,1440,19,9,0,22,119,pharmaceutical
1441,1441,5,13,3,16,110,realestate
1442,1442,13,28,1,16,131,education
1443,1443,1,2,5,26,229,software
1444,1444,12,25,0,11,80,realestate
1445,1445,16,26,0,13,152,financial
1446,1446,9,16,1,9,54,education
1447,1447,1,28,7,3,173,financial
1448,1448,7,7,6,9,166,realestate
1449,1449,9,2,2,8,45,financial
1450,1450,15,13,4,29,194,education
1451,1451,2,6,6,13,201,retail
1452,1452,15,28,9,27,186,financial
1453,1453,9,20,1,5,67,education
1454,1454,16,26,7,22,161,realestate
1455,1455,11,8,2,15,96,financial
1456,1456,4,21,4,28,147,realestate
1457,1457,17,8,5,12,205,software
1458,1458,16,8,6,10,154,software
1459,1459,2,25,2,11,212,pharmaceutical
1460,1460,9,13,2,6,60,software
1461,1461,11,27,4,26,93,education
1462,1462,19,6,1,9,91,pharmaceutical
1463,1463,2,13,7,6,202,realestate
1464,1464,7,7,9,6,150,pharmaceutical
1465,1465,7,22,5,28,151,realestate
1466,1466,7,29,9,15,145,education
1467,1467,16,2,0,4,150,realestate
1468,1468,7,29,8,24,134,financial
1469,1469,15,6,8,3,190,software
1470,1470,13,20,1,14,144,software
1471,1471,1,21,7,4,188,retail
1472,1472,14,8,1,24,190,software
1473,1473,12,0,4,13,102,education
1474,1474,11,6,4,13,97,pharmaceutical
1475,1475,0,19,5,11,121,realestate
1476,1476,10,6,7,16,92,retail
1477,1477,16,4,8,25,160,retail
1478,1478,12,17,5,16,86,education
1479,1479,3,8,5,2,198,retail
1480,1480,13,22,9,19,145,pharmaceutical
1481,1481,13,25,6,27,130,realestate
1482,1482,11,5,3,18,132,software
1483,1483,4,10,8,22,175,realestate
1484,1484,15,2,0,13,219,realestate
1485,1485,8,2,7,14,165,retail
1486,1486,13,15,6,7,106,software
1487,1487,18,28,3,22,57,retail
1488,1488,1,16,2,26,191,pharmaceutical
1489,1489,3,8,8,25,191,retail
1490,1490,4,25,6,16,141,financial
1491,1491,13,0,3,28,95,software
1492,1492,0,23,6,5,120,education
1493,1493,12,24,6,22,108,software
1494,1494,18,4,7,2,68,realestate
1495,1495,0,11,1,9,122,education
1496,1496,9,23,7,2,95,retail
1497,1497,12,26,0,10,105,software
1498,1498,12,9,9,16,103,realestate
1499,1499,18,25,2,18,79,retail
1500,1500,10,7,8,16,111,financial
1501,1501,16,1,0,18,154,retail
1502,1502,5,0,0,14,137,education
1503,1503,1,20,6,25,192,retail
1504,1504,19,0,8,21,93,financial
1505,1505,15,20,5,26,208,retail
1506,1506,7,25,0,17,130,software
1507,1507,11,11,9,12,102,education
1508,1508,11,29,7,3,137,education
1509,1509,8,15,1,10,130,software
1510,1510,16,21,3,13,152,retail
1511,1511,10,19,4,20,105,retail
1512,1512,9,4,9,17,66,software
1513,1513,7,12,6,23,129,software
1514,1514,10,22,5,4,152,pharmaceutical
1515,1515,19,28,4,24,77,pharmaceutical
1516,1516,11,4,8,29,121,retail
1517,1517,4,24,9,28,151,retail
1518,1518,13,19,7,17,139,realestate
1519,1519,7,1,7,3,148,financial
1520,1520,9,28,2,11,45,financial
1521,1521,11,9,6,0,122,pharmaceutical
1522,1522,10,25,4,27,122,realestate
1523,1523,11,10,2,4,108,pharmaceutical
1524,1524,9,15,5,23,79,education
1525,1525,0,19,8,9,119,education
1526,1526,16,3,5,7,151,pharmaceutical
1527,1527,6,10,8,28,78,financial
1528,1528,15,25,8,28,178,education
1529,1529,3,8,1,11,192,pharmaceutical
1530,1530,19,14,8,21,78,realestate
1531,1531,0,9,1,8,122,education
1532,1532,12,4,3,5,106,software
1533,1533,8,8,4,24,205,financial
1534,1534,6,0,7,23,63,retail
1535,1535,5,26,0,17,99,financial
1536,1536,16,16,8,5,158,realestate
1537,1537,13,4,2,0,143,realestate
1538,1538,3,12,9,25,212,retail
1539,1539,0,22,6,13,123,education
1540,1540,16,8,7,13,160,pharmaceutical
1541,1541,12,15,4,7,110,retail
1542,1542,18,28,2,23,76,software
1543,1543,7,11,6,6,152,pharmaceutical
1544,1544,18,10,4,11,57,software
1545,1545,5,24,4,24,108,retail
1546,1546,6,14,8,11,81,retail
1547,1547,5,7,6,25,122,education
1548,1548,16,17,0,24,161,financial
1549,1549,1,27,2,29,156,software
1550,1550,3,21,4,29,194,education
1551,1551,11,16,2,17,141,financial
1552,1552,16,19,6,11,161,financial
1553,1553,13,8,2,27,96,financial
1554,1554,13,20,8,28,143,education
1555,1555,7,8,4,23,144,financial
1556,1556,7,16,6,10,144,software
1557,1557,18,27,1,25,53,financial
1558,1558,6,21,7,19,73,education
1559,1559,14,25,6,17,181,retail
1560,1560,5,0,4,18,125,retail
1561,1561,17,10,0,5,183,software
1562,1562,5,9,5,10,104,pharmaceutical
1563,1563,14,16,5,29,187,education
1564,1564,0,26,9,23,119,financial
1565,1565,3,16,7,11,176,retail
1566,1566,3,26,4,1,209,education
1567,1567,9,13,0,22,86,financial
1568,1568,18,28,3,23,93,education
1569,1569,16,15,6,4,146,realestate
1570,1570,18,10,5,17,78,retail
1571,1571,13,13,4,28,116,software
1572,1572,8,6,9,20,207,realestate
1573,1573,5,28,0,28,107,financial
1574,1574,17,22,3,6,202,retail
1575,1575,17,9,9,18,200,financial
1576,1576,2,28,8,16,204,financial
1577,1577,15,24,9,6,179,realestate
1578,1578,6,8,1,5,45,software
1579,1579,0,20,5,24,121,pharmaceutical
1580,1580,1,22,9,6,195,realestate
1581,1581,11,17,0,25,92,financial
1582,1582,8,28,6,24,134,pharmaceutical
1583,1583,13,13,9,20,126,software
1584,1584,18,29,6,9,72,realestate
1585,1585,17,26,0,17,199,financial
1586,1586,4,13,5,12,161,pharmaceutical
1587,1587,3,24,7,22,212,financial
1588,1588,6,26,4,19,70,retail
1589,1589,18,4,0,16,64,realestate
1590,1590,4,22,5,2,181,education
1591,1591,3,7,9,13,198,realestate
1592,1592,11,28,7,7,114,retail
1593,1593,17,29,1,23,184,realestate
1594,1594,12,12,5,14,82,pharmaceutical
1595,1595,0,0,1,12,119,financial
1596,1596,7,12,6,15,152,realestate
1597,1597,17,13,8,16,199,realestate
1598,1598,12,9,3,12,85,software
1599,1599,18,13,7,15,71,education
1600,1600,12,10,3,20,89,education
1601,1601,1,27,9,10,209,pharmaceutical
1602,1602,7,6,7,16,139,financial
1603,1603,4,20,5,24,164,retail
1604,1604,11,24,3,10,115,pharmaceutical
1605,1605,13,22,8,20,126,retail
1606,1606,18,23,7,0,85,financial
1607,1607,0,12,9,26,119,retail
1608,1608,19,10,5,29,89,financial
1609,1609,7,7,1,28,137,pharmaceutical
1610,1610,1,11,1,26,233,retail
1611,1611,5,2,7,29,94,retail
1612,1612,18,0,3,12,95,software
1613,1613,10,3,2,17,97,retail
1614,1614,15,20,0,5,213,retail
1615,1615,13,18,9,22,98,retail
1616,1616,3,26,2,19,196,pharmaceutical
1617,1617,14,22,4,29,192,education
1618,1618,1,15,5,3,155,software
1619,1619,13,20,3,0,145,pharmaceutical
1620,1620,14,21,4,1,179,financial
1621,1621,12,10,8,19,89,pharmaceutical
1622,1622,9,8,3,18,49,education
1623,1623,2,2,1,20,202,software
1624,1624,0,13,5,23,123,pharmaceutical
1625,1625,0,3,7,9,119,retail
1626,1626,9,20,8,2,94,retail
1627,1627,17,13,9,21,189,software
1628,1628,8,9,5,5,200,education
1629,1629,18,8,6,7,87,realestate
1630,1630,10,27,4,28,146,education
1631,1631,7,17,7,23,162,retail
1632,1632,4,24,2,13,179,software
1633,1633,7,21,3,20,122,education
1634,1634,12,22,2,27,110,education
1635,1635,7,17,3,25,135,pharmaceutical
1636,1636,1,8,6,23,233,realestate
1637,1637,18,5,6,11,82,software
1638,1638,4,22,1,19,141,financial
1639,1639,1,17,4,9,162,realestate
1640,1640,9,24,3,5,48,financial
1641,1641,11,24,6,1,112,education
1642,1642,17,21,8,5,187,retail
1643,1643,0,12,0,20,120,software
1644,1644,15,27,8,20,206,retail
1645,1645,14,18,5,16,197,software
1646,1646,17,2,0,15,185,financial
1647,1647,4,18,3,22,145,financial
1648,1648,10,16,4,2,144,pharmaceutical
1649,1649,17,9,2,1,197,financial
1650,1650,3,20,7,4,212,retail
1651,1651,2,14,7,7,210,financial
1652,1652,4,15,0,24,192,retail
1653,1653,8,15,0,1,200,retail
1654,1654,13,2,7,16,125,financial
1655,1655,10,10,6,14,145,education
1656,1656,13,0,2,7,96,pharmaceutical
1657,1657,10,19,2,19,96,software
1658,1658,4,10,6,11,130,education
1659,1659,11,13,0,3,125,financial
1660,1660,11,28,2,19,138,retail
1661,1661,7,3,9,15,138,pharmaceutical
1662,1662,1,8,6,29,224,software
1663,1663,5,0,9,13,98,pharmaceutical
1664,1664,0,3,8,11,122,financial
1665,1665,12,23,4,7,81,software
1666,1666,0,17,6,18,121,retail
1667,1667,7,17,9,10,148,education
1668,1668,3,14,4,21,175,education
1669,1669,15,15,3,4,210,realestate
1670,1670,0,3,3,2,123,realestate
1671,1671,8,0,8,8,178,realestate
1672,1672,14,24,7,7,189,retail
1673,1673,3,16,6,25,177,financial
1674,1674,13,9,8,0,96,software
1675,1675,5,29,3,7,106,retail
1676,1676,17,0,5,0,186,pharmaceutical
1677,1677,4,4,8,20,189,retail
1678,1678,13,18,6,13,109,education
1679,1679,14,16,2,8,192,software
1680,1680,0,2,4,8,120,retail
1681,1681,5,20,4,1,131,software
1682,1682,2,10,8,14,208,education
1683,1683,6,6,9,24,40,retail
1684,1684,19,7,4,21,110,realestate
1685,1685,7,1,3,26,141,education
1686,1686,18,8,1,6,72,financial
1687,1687,4,2,0,0,188,pharmaceutical
1688,1688,2,15,1,10,200,education
1689,1689,15,25,8,20,202,retail
1690,1690,13,19,8,3,93,retail
1691,1691,8,21,2,1,125,realestate
1692,1692,4,17,8,28,164,education
1693,1693,18,4,4,11,78,retail
1694,1694,4,4,6,2,186,education
1695,1695,7,20,0,5,142,retail
1696,1696,17,12,2,6,190,financial
1697,1697,1,10,4,4,160,education
1698,1698,3,28,1,0,202,software
1699,1699,16,5,6,5,152,realestate
1700,1700,12,13,0,13,85,financial
1701,1701,16,20,4,10,148,realestate
1702,1702,1,2,1,17,231,realestate
1703,1703,15,9,9,4,215,retail
1704,1704,4,27,9,17,169,education
1705,1705,13,14,3,24,86,retail
1706,1706,0,3,2,11,119,realestate
1707,1707,4,8,6,25,175,financial
1708,1708,3,10,9,7,217,education
1709,1709,14,22,6,16,190,education
1710,1710,0,25,6,8,121,financial
1711,1711,1,9,2,14,174,realestate
1712,1712,1,16,6,1,205,retail
1713,1713,7,8,4,5,121,realestate
1714,1714,2,29,4,11,205,pharmaceutical
1715,1715,1,28,3,17,186,software
1716,1716,3,8,2,25,190,education
1717,1717,19,14,0,22,117,retail
1718,1718,17,24,6,22,193,education
1719,1719,14,7,7,19,193,pharmaceutical
1720,1720,19,18,2,7,79,education
1721,1721,18,26,5,1,55,realestate
1722,1722,0,8,4,12,122,financial
1723,1723,18,13,7,15,77,pharmaceutical
1724,1724,4,20,1,25,190,financial
1725,1725,17,29,8,15,190,financial
1726,1726,4,17,6,19,171,realestate
1727,1727,5,19,4,2,93,financial
1728,1728,15,14,9,27,207,financial
1729,1729,9,18,2,3,43,realestate
1730,1730,5,7,1,20,139,software
1731,1731,2,9,7,5,208,education
1732,1732,13,21,0,29,142,realestate
1733,1733,13,22,2,27,115,realestate
1734,1734,0,11,5,4,119,financial
1735,1735,16,17,8,5,155,realestate
1736,1736,1,6,8,6,234,realestate
1737,1737,15,17,5,0,216,pharmaceutical
1738,1738,8,19,7,15,122,education
1739,1739,5,2,9,15,112,retail
1740,1740,1,11,3,11,166,retail
1741,1741,14,21,7,14,184,education
1742,1742,13,1,5,26,124,education
1743,1743,19,13,1,29,96,financial
1744,1744,9,16,7,13,94,software
1745,1745,19,26,1,12,116,retail
1746,1746,2,28,4,10,204,education
1747,1747,3,4,0,2,175,software
1748,1748,4,25,8,8,179,software
1749,1749,10,26,3,23,94,realestate
1750,1750,0,8,0,29,119,retail
1751,1751,3,2,7,24,189,retail
1752,1752,12,23,2,15,78,realestate
1753,1753,0,26,4,16,121,software
1754,1754,2,4,7,0,219,retail
1755,1755,7,19,4,7,152,education
1756,1756,2,25,0,24,203,education
1757,1757,19,10,4,10,101,retail
1758,1758,12,16,2,24,101,education
1759,1759,12,23,6,4,107,retail
1760,1760,10,15,1,28,90,pharmaceutical
1761,1761,13,0,6,26,132,education
1762,1762,6,17,2,6,83,realestate
1763,1763,1,1,2,8,207,education
1764,1764,4,8,7,27,180,pharmaceutical
1765,1765,6,23,8,11,76,education
1766,1766,13,24,1,0,93,software
1767,1767,11,29,4,6,133,realestate
1768,1768,11,14,7,1,140,retail
1769,1769,9,10,1,14,100,pharmaceutical
1770,1770,8,10,1,23,136,software
1771,1771,8,12,5,19,134,pharmaceutical
1772,1772,4,28,6,12,185,realestate
1773,1773,3,17,2,13,187,financial
1774,1774,13,11,6,3,96,education
1775,1775,8,2,8,0,146,financial
1776,1776,4,25,5,25,149,financial
1777,1777,8,27,5,29,132,financial
1778,1778,0,6,4,24,122,software
1779,1779,4,17,2,7,134,pharmaceutical
1780,1780,19,18,5,14,113,pharmaceutical
1781,1781,15,9,9,23,182,financial
1782,1782,3,16,5,5,182,realestate
1783,1783,4,7,6,2,168,education
1784,1784,4,4,8,18,151,realestate
1785,1785,12,21,1,3,90,financial
1786,1786,5,25,0,4,133,software
1787,1787,0,14,7,19,122,realestate
1788,1788,10,27,1,14,102,retail
1789,1789,8,13,9,24,135,realestate
1790,1790,5,17,1,20,99,pharmaceutical
1791,1791,15,18,9,20,191,realestate
1792,1792,1,1,9,25,232,pharmaceutical
1793,1793,17,11,0,23,188,financial
1794,1794,1,12,2,1,187,pharmaceutical
1795,1795,1,6,8,17,219,realestate
1796,1796,11,18,9,9,92,software
1797,1797,16,17,3,27,158,financial
1798,1798,18,24,5,29,63,education
1799,1799,15,27,9,29,212,education
1800,1800,6,27,2,11,66,software
1801,1801,5,16,5,5,111,retail
1802,1802,0,27,5,27,121,pharmaceutical
1803,1803,8,0,0,27,202,realestate
1804,1804,15,20,6,12,214,pharmaceutical
1805,1805,1,24,4,18,236,retail
1806,1806,0,16,5,28,122,financial
1807,1807,7,9,0,8,130,retail
1808,1808,5,9,3,1,110,pharmaceutical
1809,1809,11,27,8,8,126,pharmaceutical
1810,1810,7,11,4,14,166,software
1811,1811,0,13,5,27,123,financial
1812,1812,19,26,0,7,83,realestate
1813,1813,18,10,9,24,90,financial
1814,1814,13,15,0,10,106,education
1815,1815,12,22,2,20,109,education
1816,1816,16,24,2,5,155,pharmaceutical
1817,1817,19,2,8,13,74,retail
1818,1818,6,22,1,24,85,education
1819,1819,13,13,2,3,124,software
1820,1820,8,28,5,15,184,education
1821,1821,0,12,9,11,120,pharmaceutical
1822,1822,2,6,5,29,211,financial
1823,1823,19,20,9,28,83,software
1824,1824,13,12,6,16,125,pharmaceutical
1825,1825,4,24,2,9,191,education
1826,1826,4,10,0,22,178,financial
1827,1827,1,20,0,15,182,retail
1828,1828,13,25,3,21,91,financial
1829,1829,1,2,4,28,202,retail
1830,1830,18,1,1,26,55,software
1831,1831,16,27,2,21,148,financial
1832,1832,8,2,4,9,203,software
1833,1833,9,16,1,3,57,software
1834,1834,7,28,6,6,121,education
1835,1835,15,29,6,18,217,pharmaceutical
1836,1836,10,29,9,19,111,retail
1837,1837,1,6,2,11,205,software
1838,1838,9,6,8,20,90,software
1839,1839,12,27,2,26,87,realestate
1840,1840,13,25,1,26,96,realestate
1841,1841,8,17,6,13,183,software
1842,1842,19,29,3,8,88,realestate
1843,1843,6,16,7,8,81,financial
1844,1844,4,8,4,3,138,retail
1845,1845,15,15,4,9,178,retail
1846,1846,11,7,9,12,114,retail
1847,1847,0,10,8,11,119,education
1848,1848,4,8,5,2,147,retail
1849,1849,9,13,5,16,63,pharmaceutical
1850,1850,6,16,3,2,84,pharmaceutical
1851,1851,2,6,5,21,202,education
1852,1852,17,20,1,2,193,education
1853,1853,3,25,9,28,202,realestate
1854,1854,16,1,0,29,149,retail
1855,1855,7,14,1,13,154,education
1856,1856,14,8,4,7,198,pharmaceutical
1857,1857,15,16,6,3,192,financial
1858,1858,14,9,3,22,196,financial
1859,1859,7,4,8,10,156,retail
1860,1860,11,23,8,4,137,realestate
1861,1861,19,8,9,28,111,retail
1862,1862,3,21,3,13,171,retail
1863,1863,15,15,1,4,198,pharmaceutical
1864,1864,3,16,4,1,199,education
1865,1865,5,0,3,18,125,software
1866,1866,11,6,2,19,141,retail
1867,1867,19,19,2,27,77,realestate
1868,1868,1,3,6,17,184,financial
1869,1869,13,7,9,25,116,education
1870,1870,8,11,8,11,147,financial
1871,1871,4,17,7,16,184,education
1872,1872,0,3,0,3,119,realestate
1873,1873,18,7,5,10,62,software
1874,1874,12,29,2,20,103,software
1875,1875,0,9,5,7,123,software
1876,1876,7,18,2,11,156,retail
1877,1877,6,19,7,25,46,retail
1878,1878,16,20,2,22,160,financial
1879,1879,7,24,0,27,160,education
1880,1880,16,6,4,9,153,financial
1881,1881,1,0,0,22,204,retail
1882,1882,11,26,8,7,141,education
1883,1883,15,27,2,1,180,pharmaceutical
1884,1884,0,26,6,23,121,retail
1885,1885,6,28,6,0,60,retail
1886,1886,6,16,3,1,75,realestate
1887,1887,19,8,4,10,114,financial
1888,1888,16,24,0,3,152,realestate
1889,1889,14,22,9,25,183,financial
1890,1890,3,3,0,3,202,software
1891,1891,2,17,4,24,209,financial
1892,1892,12,28,3,26,104,financial
1893,1893,1,5,1,20,177,retail
1894,1894,6,22,2,0,71,software
1895,1895,7,7,5,21,145,education
1896,1896,4,13,0,12,157,retail
1897,1897,6,13,1,25,66,education
1898,1898,7,20,5,5,126,retail
1899,1899,14,24,4,26,198,education
1900,1900,17,19,2,2,202,realestate
1901,1901,3,20,5,26,181,education
1902,1902,18,28,4,12,63,pharmaceutical
1903,1903,6,13,9,17,53,education
1904,1904,5,17,4,17,128,education
1905,1905,19,4,2,28,72,education
1906,1906,6,25,1,22,54,retail
1907,1907,12,7,3,6,78,pharmaceutical
1908,1908,15,17,1,3,207,financial
1909,1909,0,4,2,16,119,education
1910,1910,5,10,9,11,114,software
1911,1911,5,2,0,29,131,software
1912,1912,7,0,5,26,160,retail
1913,1913,1,6,2,0,216,pharmaceutical
1914,1914,2,15,8,22,215,retail
1915,1915,8,8,4,2,194,pharmaceutical
1916,1916,18,5,2,11,92,pharmaceutical
1917,1917,0,1,9,28,121,pharmaceutical
1918,1918,13,9,9,11,94,retail
1919,1919,16,23,0,14,159,realestate
1920,1920,7,27,4,22,145,pharmaceutical
1921,1921,4,21,9,15,136,software
1922,1922,11,9,3,10,122,realestate
1923,1923,9,22,6,5,66,software
1924,1924,8,28,5,17,186,retail
1925,1925,19,14,7,4,101,education
1926,1926,6,8,1,7,66,retail
1927,1927,13,19,3,9,101,education
1928,1928,11,13,4,5,108,pharmaceutical
1929,1929,0,7,0,26,120,software
1930,1930,19,9,0,11,79,retail
1931,1931,2,1,0,23,204,retail
1932,1932,5,23,2,15,104,retail
1933,1933,5,10,1,14,103,realestate
1934,1934,11,25,4,12,105,education
1935,1935,6,17,5,15,66,financial
1936,1936,2,8,4,2,203,pharmaceutical
1937,1937,8,8,9,2,127,retail
1938,1938,1,2,9,9,217,education
1939,1939,12,10,1,19,94,financial
1940,1940,16,20,3,25,158,financial
1941,1941,0,18,6,0,123,realestate
1942,1942,2,10,6,6,202,financial
1943,1943,3,12,3,3,170,retail
1944,1944,10,8,6,20,94,realestate
1945,1945,10,26,3,1,138,education
1946,1946,12,27,6,16,108,financial
1947,1947,1,12,4,17,162,education
1948,1948,1,24,9,23,171,software
1949,1949,1,18,3,6,206,retail
1950,1950,0,27,0,19,122,software
1951,1951,17,24,8,11,187,software
1952,1952,6,6,6,25,41,financial
1953,1953,2,22,4,2,199,education
1954,1954,7,27,6,10,163,pharmaceutical
1955,1955,13,6,8,1,117,pharmaceutical
1956,1956,15,2,7,5,196,software
1957,1957,17,13,1,17,198,financial
1958,1958,3,22,3,18,188,financial
1959,1959,12,16,9,7,100,education
1960,1960,12,5,8,29,108,retail
1961,1961,19,14,6,15,83,realestate
1962,1962,15,0,8,5,215,realestate
1963,1963,16,23,4,2,157,retail
1964,1964,13,1,8,6,114,pharmaceutical
1965,1965,17,23,6,26,191,pharmaceutical
1966,1966,10,27,6,8,125,software
1967,1967,1,3,8,17,203,financial
1968,1968,17,12,9,21,188,software
1969,1969,8,14,4,0,172,realestate
1970,1970,13,29,3,25,102,realestate
1971,1971,14,6,2,11,178,realestate
1972,1972,19,15,9,7,109,realestate
1973,1973,17,18,0,3,198,realestate
1974,1974,1,12,5,23,232,pharmaceutical
1975,1975,16,14,0,10,160,retail
1976,1976,17,20,3,21,196,education
1977,1977,3,0,6,7,187,software
1978,1978,7,13,5,14,164,realestate
1979,1979,17,28,7,22,202,software
1980,1980,3,12,5,5,195,education
1981,1981,5,21,0,16,95,education
1982,1982,12,6,4,20,103,pharmaceutical
1983,1983,15,19,5,27,209,retail
1984,1984,18,21,4,29,63,financial
1985,1985,8,16,8,11,160,education
1986,1986,5,16,5,19,107,retail
1987,1987,2,16,1,27,209,software
1988,1988,17,16,4,18,197,pharmaceutical
1989,1989,4,5,2,18,176,software
1990,1990,18,6,5,28,73,financial
1991,1991,0,15,0,2,123,financial
1992,1992,14,17,0,13,187,pharmaceutical
1993,1993,18,13,3,11,86,financial
1994,1994,15,8,3,25,216,financial
1995,1995,12,8,8,8,82,retail
1996,1996,6,15,9,23,46,retail
1997,1997,14,4,7,25,180,pharmaceutical
1998,1998,0,20,2,12,121,realestate
1999,1999,3,20,8,5,177,financial
